Ticker,Year_Int,Year,Installed_Capacity_MW,License_Issue_Year,License_Term_Years,PPA_Tariff_Wet,PPA_Tariff_Dry,PLF
GLH,2018,2018/19,,,,4.8,8.4,
GLH,2019,2019/20,,,,4.8,8.4,
GLH,2020,2020/21,,,,4.8,8.4,
GLH,2021,2021/22,,,,4.8,8.4,
GLH,2022,2022/23,,,,4.8,8.4,
GLH,2023,2023/24,,,,4.8,8.4,
GLH,2024,2024/25,,,,4.8,8.4,
AHL,2011,2011/12,6.2,2076.0,36.0,4.8,8.4,0.0
AHL,2012,2012/13,6.2,2076.0,36.0,4.8,8.4,0.0
AHL,2013,2013/14,6.2,2076.0,36.0,4.8,8.4,0.0
AHL,2014,2014/15,6.2,2076.0,36.0,4.8,8.4,0.0
AHL,2015,2015/16,6.2,2076.0,36.0,4.8,8.4,0.0
AHL,2016,2016/17,6.2,2076.0,36.0,4.8,8.4,0.0
AHL,2017,2017/18,6.2,2076.0,36.0,4.8,8.4,0.0
AHL,2018,2018/19,6.2,2076.0,36.0,4.8,8.4,0.0
AHL,2019,2019/20,6.2,2076.0,36.0,4.8,8.4,0.0
AHL,2020,2020/21,6.2,2076.0,36.0,4.8,8.4,0.0
AHL,2021,2021/22,6.2,2076.0,36.0,4.8,8.4,0.3018562472381794
AHL,2022,2022/23,6.2,2076.0,36.0,4.8,8.4,0.4566048878087101
AHL,2023,2023/24,6.2,2076.0,36.0,4.8,8.4,0.4005490008346835
AHL,2024,2024/25,6.2,2076.0,36.0,4.8,8.4,0.4186840170373643
USHL,2023,2023/24,2.4,2074.0,35.0,4.8,8.4,0.4671964263064434
USHL,2024,2024/25,2.4,2074.0,35.0,4.8,8.4,0.4105435613267377
MKHL,2023,2023/24,3.0,2075.0,35.0,4.8,8.4,0.4429455803526129
MKHL,2024,2024/25,3.0,2075.0,35.0,4.8,8.4,0.4008052638254693
SPHL,2023,2023/24,2.5,2070.0,35.0,4.8,8.4,0.4363127549467275
SPHL,2024,2024/25,2.5,2070.0,35.0,4.8,8.4,0.4400140791476408
NHPC,2011,2011/12,7.5,2054.0,50.0,4.8,8.4,0.4643356894977169
NHPC,2012,2012/13,7.5,2054.0,50.0,4.8,8.4,0.4815170829528158
NHPC,2013,2013/14,7.5,2054.0,50.0,4.8,8.4,0.4524714292237443
NHPC,2014,2014/15,7.5,2054.0,50.0,4.8,8.4,0.4845986194824962
NHPC,2015,2015/16,7.5,2054.0,50.0,4.8,8.4,0.4140667922374429
NHPC,2016,2016/17,7.5,2054.0,50.0,4.8,8.4,0.4571564741248097
NHPC,2017,2017/18,7.5,2054.0,50.0,4.8,8.4,0.4660325142059868
NHPC,2018,2018/19,7.5,2054.0,50.0,4.8,8.4,0.5203872587519026
NHPC,2019,2019/20,7.5,2054.0,50.0,4.8,8.4,0.5424518127853881
NHPC,2020,2020/21,7.5,2054.0,50.0,4.8,8.4,0.4047008333333333
NHPC,2021,2021/22,7.5,2054.0,50.0,4.8,8.4,0.4427112427701674
NHPC,2022,2022/23,7.5,2054.0,50.0,4.8,8.4,0.4959229472349061
NHPC,2023,2023/24,7.5,2054.0,50.0,4.8,8.4,0.480401803652968
NHPC,2024,2024/25,7.5,2054.0,50.0,4.8,8.4,0.4132276610857432
BARUN,2015,2015/16,4.455,2065.0,35.0,4.8,8.4,0.0231201529928064
BARUN,2016,2016/17,4.455,2065.0,35.0,4.8,8.4,0.3201133053860096
BARUN,2017,2017/18,4.455,2065.0,35.0,4.8,8.4,0.3683051895583605
BARUN,2018,2018/19,4.455,2065.0,35.0,4.8,8.4,0.3343593212695191
BARUN,2019,2019/20,4.455,2065.0,35.0,4.8,8.4,0.3630266387876737
BARUN,2020,2020/21,4.455,2065.0,35.0,4.8,8.4,0.2552103394848194
BARUN,2021,2021/22,4.455,2065.0,35.0,4.8,8.4,0.4013953248022248
BARUN,2022,2022/23,4.455,2065.0,35.0,4.8,8.4,0.3404113432652245
BARUN,2023,2023/24,4.455,2065.0,35.0,4.8,8.4,0.0149140098772265
BARUN,2024,2024/25,4.455,2065.0,35.0,4.8,8.4,0.4143475769021177
IHL,2023,2023/24,,,,4.8,8.4,
IHL,2024,2024/25,,,,4.8,8.4,
MSHL,2023,2023/24,9.5,2077.0,35.0,4.8,8.4,0.533802044780902
MSHL,2024,2024/25,9.5,2077.0,35.0,4.8,8.4,0.6323789333493551
DORDI,2018,2018/19,12.0,2069.0,36.0,4.8,8.4,0.0
DORDI,2019,2019/20,12.0,2069.0,36.0,4.8,8.4,0.0
DORDI,2020,2020/21,12.0,2069.0,36.0,4.8,8.4,0.0
DORDI,2021,2021/22,12.0,2069.0,36.0,4.8,8.4,0.0
DORDI,2022,2022/23,12.0,2069.0,36.0,4.8,8.4,0.3458943505834602
DORDI,2023,2023/24,12.0,2069.0,36.0,4.8,8.4,0.5165907058599696
DORDI,2024,2024/25,12.0,2069.0,36.0,4.8,8.4,0.4774046343860984
MHL,2023,2023/24,4.0,2070.0,35.0,4.8,8.4,0.5115634750761034
MHL,2024,2024/25,4.0,2070.0,35.0,4.8,8.4,0.519292927130898
MANDU,2023,2023/24,32.0,2071.0,35.0,4.8,8.4,0.4364850682553272
MANDU,2024,2024/25,32.0,2071.0,35.0,4.8,8.4,0.1217312315686834
RADHI,2016,2016/17,4.4,2068.0,35.0,4.8,8.4,0.5691653720423412
RADHI,2017,2017/18,4.4,2068.0,35.0,4.8,8.4,0.5950386930088557
RADHI,2018,2018/19,4.4,2068.0,35.0,4.8,8.4,0.6317956651273005
RADHI,2019,2019/20,4.4,2068.0,35.0,4.8,8.4,0.6932740218970528
RADHI,2020,2020/21,4.4,2068.0,35.0,4.8,8.4,0.5608270820361145
RADHI,2021,2021/22,4.4,2068.0,35.0,4.8,8.4,0.5835962147156496
RADHI,2022,2022/23,4.4,2068.0,35.0,4.8,8.4,0.5554891336308289
RADHI,2023,2023/24,4.4,2068.0,35.0,4.8,8.4,0.4212937595129375
RADHI,2024,2024/25,4.4,2068.0,35.0,4.8,8.4,0.5575214646464647
RFPL,2021,2021/22,10.3,2070.0,35.0,4.8,8.4,0.0
RFPL,2022,2022/23,10.3,2070.0,35.0,4.8,8.4,0.0
RFPL,2023,2023/24,10.3,2070.0,35.0,4.8,8.4,0.3369316065966219
RFPL,2024,2024/25,10.3,2070.0,35.0,4.8,8.4,0.430284556900297
JOSHI,2020,2020/21,3.0,2070.0,35.0,4.8,8.4,0.2304977368087265
JOSHI,2021,2021/22,3.0,2070.0,35.0,4.8,8.4,0.3663947869101979
JOSHI,2022,2022/23,3.0,2070.0,35.0,4.8,8.4,0.0763061978056823
JOSHI,2023,2023/24,3.0,2070.0,35.0,4.8,8.4,0.1122161276002029
JOSHI,2024,2024/25,3.0,2070.0,35.0,4.8,8.4,0.1614429223744292
BEDC,2023,2023/24,3.75,2071.0,35.0,4.8,8.4,0.2545432470826991
BEDC,2024,2024/25,3.75,2071.0,35.0,4.8,8.4,0.2728275494672755
RAWA,2024,2024/25,3.0,2073.0,35.0,4.8,8.4,0.6136155568239472
HPPL,2016,2016/17,27.0,2068.0,35.0,4.8,8.4,0.0
HPPL,2017,2017/18,27.0,2068.0,35.0,4.8,8.4,0.0
HPPL,2018,2018/19,27.0,2068.0,35.0,4.8,8.4,0.0
HPPL,2019,2019/20,27.0,2068.0,35.0,4.8,8.4,0.0
HPPL,2020,2020/21,27.0,2068.0,35.0,4.8,8.4,0.0
HPPL,2021,2021/22,27.0,2068.0,35.0,4.8,8.4,0.0
HPPL,2022,2022/23,27.0,2068.0,35.0,4.8,8.4,0.2497133406618185
HPPL,2023,2023/24,27.0,2068.0,35.0,4.8,8.4,0.363648258075427
HPPL,2024,2024/25,27.0,2068.0,35.0,4.8,8.4,0.5244041180449857
SJCL,2018,2018/19,14.8,2069.0,36.0,4.8,8.4,0.0
SJCL,2019,2019/20,14.8,2069.0,36.0,4.8,8.4,0.0
SJCL,2020,2020/21,14.8,2069.0,36.0,4.8,8.4,0.0
SJCL,2021,2021/22,14.8,2069.0,36.0,4.8,8.4,0.0
SJCL,2022,2022/23,14.8,2069.0,36.0,4.8,8.4,0.0
SJCL,2023,2023/24,14.8,2069.0,36.0,4.8,8.4,0.2543638544366284
SJCL,2024,2024/25,14.8,2069.0,36.0,4.8,8.4,1.0
BPCL,2011,2011/12,9.4,2052.0,49.0,4.8,8.4,1.0
BPCL,2012,2012/13,9.4,2052.0,49.0,4.8,8.4,1.0
BPCL,2013,2013/14,9.4,2052.0,49.0,4.8,8.4,0.8051758618316656
BPCL,2014,2014/15,9.4,2052.0,49.0,4.8,8.4,1.0
BPCL,2015,2015/16,9.4,2052.0,49.0,4.8,8.4,1.0
BPCL,2016,2016/17,9.4,2052.0,49.0,4.8,8.4,1.0
BPCL,2017,2017/18,9.4,2052.0,49.0,4.8,8.4,1.0
BPCL,2018,2018/19,9.4,2052.0,49.0,4.8,8.4,1.0
BPCL,2019,2019/20,9.4,2052.0,49.0,4.8,8.4,1.0
BPCL,2020,2020/21,9.4,2052.0,49.0,4.8,8.4,1.0
BPCL,2021,2021/22,9.4,2052.0,49.0,4.8,8.4,1.0
BPCL,2022,2022/23,9.4,2052.0,49.0,4.8,8.4,1.0
BPCL,2023,2023/24,9.4,2052.0,49.0,4.8,8.4,1.0
BPCL,2024,2024/25,9.4,2052.0,49.0,4.8,8.4,1.0
SHPC,2014,2014/15,22.0,2067.0,35.0,4.8,8.4,0.0703099868548498
SHPC,2015,2015/16,22.0,2067.0,35.0,4.8,8.4,0.3478702136951709
SHPC,2016,2016/17,22.0,2067.0,35.0,4.8,8.4,0.6876350311332502
SHPC,2017,2017/18,22.0,2067.0,35.0,4.8,8.4,0.6829247422858724
SHPC,2018,2018/19,22.0,2067.0,35.0,4.8,8.4,0.6270604858516674
SHPC,2019,2019/20,22.0,2067.0,35.0,4.8,8.4,0.7444167799571053
SHPC,2020,2020/21,22.0,2067.0,35.0,4.8,8.4,0.7353582996056455
SHPC,2021,2021/22,22.0,2067.0,35.0,4.8,8.4,0.8086226944098519
SHPC,2022,2022/23,22.0,2067.0,35.0,4.8,8.4,0.660320448491767
SHPC,2023,2023/24,22.0,2067.0,35.0,4.8,8.4,0.6565521118721461
SHPC,2024,2024/25,22.0,2067.0,35.0,4.8,8.4,0.5922255941261935
SMH,2023,2023/24,7.8,2073.0,35.0,4.8,8.4,0.5356888732779144
SMH,2024,2024/25,7.8,2073.0,35.0,4.8,8.4,0.4846677789486008
SMJC,2023,2023/24,9.6,2074.0,36.0,4.8,8.4,0.4980732492231101
SMJC,2024,2024/25,9.6,2074.0,36.0,4.8,8.4,0.4606486455955099
GVL,2021,2021/22,52.4,2068.0,30.0,4.8,8.4,0.3422329881807197
GVL,2022,2022/23,52.4,2068.0,30.0,4.8,8.4,0.5607967629869752
GVL,2023,2023/24,52.4,2068.0,30.0,4.8,8.4,0.52230142287404
GVL,2024,2024/25,52.4,2068.0,30.0,4.8,8.4,0.585896735610048
MKHC,2023,2023/24,14.9,2071.0,35.0,4.8,8.4,0.1433337930189084
MKHC,2024,2024/25,14.9,2071.0,35.0,4.8,8.4,0.3792073999162351
MCHL,2023,2023/24,,,,4.8,8.4,
MCHL,2024,2024/25,,,,4.8,8.4,
SSHL,2021,2021/22,22.2,2068.0,35.0,4.8,8.4,0.2131350845708722
SSHL,2022,2022/23,22.2,2068.0,35.0,4.8,8.4,0.3016941136341821
SSHL,2023,2023/24,22.2,2068.0,35.0,4.8,8.4,0.2742096540033183
SSHL,2024,2024/25,22.2,2068.0,35.0,4.8,8.4,0.3399990427070906
AHPC,2011,2011/12,3.0,2057.0,40.0,4.8,8.4,0.4600722331303906
AHPC,2012,2012/13,3.0,2057.0,40.0,4.8,8.4,0.444562385971588
AHPC,2013,2013/14,3.0,2057.0,40.0,4.8,8.4,0.4362031901319128
AHPC,2014,2014/15,3.0,2057.0,40.0,4.8,8.4,0.4092031712962963
AHPC,2015,2015/16,3.0,2057.0,40.0,4.8,8.4,0.4195880065956368
AHPC,2016,2016/17,3.0,2057.0,40.0,4.8,8.4,0.3273671423135464
AHPC,2017,2017/18,3.0,2057.0,40.0,4.8,8.4,0.330160806697108
AHPC,2018,2018/19,3.0,2057.0,40.0,4.8,8.4,0.3486370433789954
AHPC,2019,2019/20,3.0,2057.0,40.0,4.8,8.4,0.4389992516489092
AHPC,2020,2020/21,3.0,2057.0,40.0,4.8,8.4,0.3388380517503805
AHPC,2021,2021/22,3.0,2057.0,40.0,4.8,8.4,0.8821566146626079
AHPC,2022,2022/23,3.0,2057.0,40.0,4.8,8.4,1.0
AHPC,2023,2023/24,3.0,2057.0,40.0,4.8,8.4,0.698956202435312
AHPC,2024,2024/25,3.0,2057.0,40.0,4.8,8.4,1.0
PHCL,2023,2023/24,54.0,2070.0,36.0,4.8,8.4,0.2353617713794464
PHCL,2024,2024/25,54.0,2070.0,36.0,4.8,8.4,0.3436760975111336
TPC,2021,2021/22,7.5,2073.0,33.0,4.8,8.4,0.362241435819381
TPC,2022,2022/23,7.5,2073.0,33.0,4.8,8.4,0.3085917503805175
TPC,2023,2023/24,7.5,2073.0,33.0,4.8,8.4,0.3292020776255708
TPC,2024,2024/25,7.5,2073.0,33.0,4.8,8.4,0.3935049797057331
PPCL,2019,2019/20,,,,4.8,8.4,
PPCL,2020,2020/21,,,,4.8,8.4,
PPCL,2021,2021/22,,,,4.8,8.4,
PPCL,2022,2022/23,,,,4.8,8.4,
PPCL,2023,2023/24,,,,4.8,8.4,
PPCL,2024,2024/25,,,,4.8,8.4,
MMKJL,2023,2023/24,,,,4.8,8.4,
MMKJL,2024,2024/25,,,,4.8,8.4,
TVCL,2024,2024/25,5.0,2074.0,35.0,4.8,8.4,0.0
HHL,2021,2021/22,12.0,2069.0,35.0,4.8,8.4,0.1505581700279046
HHL,2022,2022/23,12.0,2069.0,35.0,4.8,8.4,0.4644274543378995
HHL,2023,2023/24,12.0,2069.0,35.0,4.8,8.4,0.4944651049594115
HHL,2024,2024/25,12.0,2069.0,35.0,4.8,8.4,0.5303421581684424
PPL,2023,2023/24,54.0,2070.0,36.0,4.8,8.4,0.0379784655279328
PPL,2024,2024/25,54.0,2070.0,36.0,4.8,8.4,0.0339418090083995
NGPL,2013,2013/14,5.0,2066.0,35.0,4.8,8.4,0.4055631659056317
NGPL,2014,2014/15,5.0,2066.0,35.0,4.8,8.4,0.6848059360730594
NGPL,2015,2015/16,5.0,2066.0,35.0,4.8,8.4,0.5188372754946727
NGPL,2016,2016/17,5.0,2066.0,35.0,4.8,8.4,0.5320860159817351
NGPL,2017,2017/18,5.0,2066.0,35.0,4.8,8.4,0.5343958561643836
NGPL,2018,2018/19,5.0,2066.0,35.0,4.8,8.4,0.5469956659056316
NGPL,2019,2019/20,5.0,2066.0,35.0,4.8,8.4,0.5197253614916286
NGPL,2020,2020/21,5.0,2066.0,35.0,4.8,8.4,0.3361290905631659
NGPL,2021,2021/22,5.0,2066.0,35.0,4.8,8.4,0.4855265182648401
NGPL,2022,2022/23,5.0,2066.0,35.0,4.8,8.4,0.4699758942161339
NGPL,2023,2023/24,5.0,2066.0,35.0,4.8,8.4,0.4612704946727549
NGPL,2024,2024/25,5.0,2066.0,35.0,4.8,8.4,0.4373987252663622
UPPER,2017,2017/18,456.0,2067.0,36.0,4.8,8.4,0.0
UPPER,2018,2018/19,456.0,2067.0,36.0,4.8,8.4,0.0
UPPER,2019,2019/20,456.0,2067.0,36.0,4.8,8.4,0.0
UPPER,2020,2020/21,456.0,2067.0,36.0,4.8,8.4,0.0
UPPER,2021,2021/22,456.0,2067.0,36.0,4.8,8.4,0.296936511864469
UPPER,2022,2022/23,456.0,2067.0,36.0,4.8,8.4,0.3391311789450319
UPPER,2023,2023/24,456.0,2067.0,36.0,4.8,8.4,0.365167124789714
UPPER,2024,2024/25,456.0,2067.0,36.0,4.8,8.4,0.2888879504876632
BNHC,2020,2020/21,4.993,2069.0,35.0,4.8,8.4,0.0
BNHC,2021,2021/22,4.993,2069.0,35.0,4.8,8.4,0.0518798829777213
BNHC,2022,2022/23,4.993,2069.0,35.0,4.8,8.4,0.6267727222982801
BNHC,2023,2023/24,4.993,2069.0,35.0,4.8,8.4,0.5672266172641698
BNHC,2024,2024/25,4.993,2069.0,35.0,4.8,8.4,0.5478811736735845
BHDC,2020,2020/21,6.6,2074.0,35.0,4.8,8.4,0.6393760844748859
BHDC,2021,2021/22,6.6,2074.0,35.0,4.8,8.4,1.0
BHDC,2022,2022/23,6.6,2074.0,35.0,4.8,8.4,0.821591831557585
BHDC,2023,2023/24,6.6,2074.0,35.0,4.8,8.4,1.0
BHDC,2024,2024/25,6.6,2074.0,35.0,4.8,8.4,1.0
USHEC,2021,2021/22,23.5,2070.0,35.0,4.8,8.4,0.2988570743871239
USHEC,2022,2022/23,23.5,2070.0,35.0,4.8,8.4,0.5407150182972247
USHEC,2023,2023/24,23.5,2070.0,35.0,4.8,8.4,0.5465041427831212
USHEC,2024,2024/25,23.5,2070.0,35.0,4.8,8.4,0.5862023851160983
RHGCL,2023,2023/24,5.0,2072.0,36.0,4.8,8.4,0.4102857191780822
RHGCL,2024,2024/25,5.0,2072.0,36.0,4.8,8.4,0.3820857876712328
MHCL,2023,2023/24,7.0,2071.0,35.0,4.8,8.4,0.4419128614916286
MHCL,2024,2024/25,7.0,2071.0,35.0,4.8,8.4,0.437973752446184
UPCL,2017,2017/18,11.0,2069.0,36.0,4.8,8.4,0.0
UPCL,2018,2018/19,11.0,2069.0,36.0,4.8,8.4,0.0
UPCL,2019,2019/20,11.0,2069.0,36.0,4.8,8.4,0.0
UPCL,2020,2020/21,11.0,2069.0,36.0,4.8,8.4,0.0
UPCL,2021,2021/22,11.0,2069.0,36.0,4.8,8.4,0.2375731849315068
UPCL,2022,2022/23,11.0,2069.0,36.0,4.8,8.4,0.5961170138024077
UPCL,2023,2023/24,11.0,2069.0,36.0,4.8,8.4,0.5556818873668189
UPCL,2024,2024/25,11.0,2069.0,36.0,4.8,8.4,0.5843065327936904
SGHC,2021,2021/22,28.1,2072.0,36.0,4.8,8.4,0.0
SGHC,2022,2022/23,28.1,2072.0,36.0,4.8,8.4,0.2956918925396903
SGHC,2023,2023/24,28.1,2072.0,36.0,4.8,8.4,0.5059128675853253
SGHC,2024,2024/25,28.1,2072.0,36.0,4.8,8.4,0.532609814507873
MKJC,2022,2022/23,7.0,2066.0,35.0,4.8,8.4,0.2932232632093933
MKJC,2023,2023/24,7.0,2066.0,35.0,4.8,8.4,0.2605758616003479
MKJC,2024,2024/25,7.0,2066.0,35.0,4.8,8.4,0.2424529517286366
CKHL,2024,2024/25,4.7,2073.0,35.0,4.8,8.4,0.479545577091227
KKHC,2016,2016/17,4.36,2069.0,35.0,4.8,8.4,0.1541175611446245
KKHC,2017,2017/18,4.36,2069.0,35.0,4.8,8.4,0.300784904626255
KKHC,2018,2018/19,4.36,2069.0,35.0,4.8,8.4,0.2729961738790443
KKHC,2019,2019/20,4.36,2069.0,35.0,4.8,8.4,0.2219637156050577
KKHC,2020,2020/21,4.36,2069.0,35.0,4.8,8.4,1.0
KKHC,2021,2021/22,4.36,2069.0,35.0,4.8,8.4,0.6832923622456817
KKHC,2022,2022/23,4.36,2069.0,35.0,4.8,8.4,0.6146541698085544
KKHC,2023,2023/24,4.36,2069.0,35.0,4.8,8.4,0.5748995512337146
KKHC,2024,2024/25,4.36,2069.0,35.0,4.8,8.4,0.2445586695153114
AKJCL,2018,2018/19,7.0,2066.0,35.0,4.8,8.4,0.5557477299412916
AKJCL,2019,2019/20,7.0,2066.0,35.0,4.8,8.4,0.615000399543379
AKJCL,2020,2020/21,7.0,2066.0,35.0,4.8,8.4,0.5261419656447054
AKJCL,2021,2021/22,7.0,2066.0,35.0,4.8,8.4,0.6060613557295064
AKJCL,2022,2022/23,7.0,2066.0,35.0,4.8,8.4,0.5224432322243966
AKJCL,2023,2023/24,7.0,2066.0,35.0,4.8,8.4,0.473393047401609
AKJCL,2024,2024/25,7.0,2066.0,35.0,4.8,8.4,0.4612407425527288
SPDL,2016,2016/17,10.0,2066.0,35.0,4.8,8.4,0.4048120072298325
SPDL,2017,2017/18,10.0,2066.0,35.0,4.8,8.4,0.384831178652968
SPDL,2018,2018/19,10.0,2066.0,35.0,4.8,8.4,0.3652619235159817
SPDL,2019,2019/20,10.0,2066.0,35.0,4.8,8.4,0.4494481354642313
SPDL,2020,2020/21,10.0,2066.0,35.0,4.8,8.4,0.3835142964231355
SPDL,2021,2021/22,10.0,2066.0,35.0,4.8,8.4,0.3929477617960426
SPDL,2022,2022/23,10.0,2066.0,35.0,4.8,8.4,0.3782075464231354
SPDL,2023,2023/24,10.0,2066.0,35.0,4.8,8.4,0.3027567598934551
SPDL,2024,2024/25,10.0,2066.0,35.0,4.8,8.4,0.3609945985540335
CHL,2016,2016/17,2.0,2070.0,35.0,4.8,8.4,0.4578501127283105
CHL,2017,2017/18,2.0,2070.0,35.0,4.8,8.4,0.505846516457382
CHL,2018,2018/19,2.0,2070.0,35.0,4.8,8.4,0.4893942802511415
CHL,2019,2019/20,2.0,2070.0,35.0,4.8,8.4,0.5464604353120244
CHL,2020,2020/21,2.0,2070.0,35.0,4.8,8.4,0.4573770495624048
CHL,2021,2021/22,2.0,2070.0,35.0,4.8,8.4,0.7448198753805175
CHL,2022,2022/23,2.0,2070.0,35.0,4.8,8.4,0.9442497720700151
CHL,2023,2023/24,2.0,2070.0,35.0,4.8,8.4,0.9493855308219178
CHL,2024,2024/25,2.0,2070.0,35.0,4.8,8.4,1.0
SPC,2020,2020/21,9.51,2075.0,36.0,4.8,8.4,1.0
SPC,2021,2021/22,9.51,2075.0,36.0,4.8,8.4,0.2331819045721318
SPC,2022,2022/23,9.51,2075.0,36.0,4.8,8.4,0.5109825454100226
SPC,2023,2023/24,9.51,2075.0,36.0,4.8,8.4,0.5037566780621856
SPC,2024,2024/25,9.51,2075.0,36.0,4.8,8.4,0.4518507295052712
GHL,2019,2019/20,5.0,2070.0,35.0,4.8,8.4,1.0
GHL,2020,2020/21,5.0,2070.0,35.0,4.8,8.4,0.2630308904109589
GHL,2021,2021/22,5.0,2070.0,35.0,4.8,8.4,0.3493928729071537
GHL,2022,2022/23,5.0,2070.0,35.0,4.8,8.4,0.3709216324200913
GHL,2023,2023/24,5.0,2070.0,35.0,4.8,8.4,0.3864092884322679
GHL,2024,2024/25,5.0,2070.0,35.0,4.8,8.4,0.471183207762557
SPL,2023,2023/24,,,,4.8,8.4,
SPL,2024,2024/25,,,,4.8,8.4,
CHCL,2011,2011/12,22.0,2054.0,50.0,4.8,8.4,0.7788835672651169
CHCL,2012,2012/13,22.0,2054.0,50.0,4.8,8.4,0.8376171881486094
CHCL,2013,2013/14,22.0,2054.0,50.0,4.8,8.4,0.8518437724851252
CHCL,2014,2014/15,22.0,2054.0,50.0,4.8,8.4,0.9046649327175867
CHCL,2015,2015/16,22.0,2054.0,50.0,4.8,8.4,1.0
CHCL,2016,2016/17,22.0,2054.0,50.0,4.8,8.4,1.0
CHCL,2017,2017/18,22.0,2054.0,50.0,4.8,8.4,0.9845309810433098
CHCL,2018,2018/19,22.0,2054.0,50.0,4.8,8.4,1.0
CHCL,2019,2019/20,22.0,2054.0,50.0,4.8,8.4,0.9865256209353812
CHCL,2020,2020/21,22.0,2054.0,50.0,4.8,8.4,0.9755538925211016
CHCL,2021,2021/22,22.0,2054.0,50.0,4.8,8.4,1.0
CHCL,2022,2022/23,22.0,2054.0,50.0,4.8,8.4,0.9760645132835202
CHCL,2023,2023/24,22.0,2054.0,50.0,4.8,8.4,0.9733006434205064
CHCL,2024,2024/25,22.0,2054.0,50.0,4.8,8.4,0.972896205202712
UHEWA,2023,2023/24,8.5,2072.0,35.0,4.8,8.4,0.1617924814217924
UHEWA,2024,2024/25,8.5,2072.0,35.0,4.8,8.4,0.5095861648312293
RHPL,2018,2018/19,111.0,2069.0,36.0,4.8,8.4,0.0
RHPL,2019,2019/20,111.0,2069.0,36.0,4.8,8.4,0.0
RHPL,2020,2020/21,111.0,2069.0,36.0,4.8,8.4,0.0
RHPL,2021,2021/22,111.0,2069.0,36.0,4.8,8.4,0.0
RHPL,2022,2022/23,111.0,2069.0,36.0,4.8,8.4,0.0
RHPL,2023,2023/24,111.0,2069.0,36.0,4.8,8.4,0.0
RHPL,2024,2024/25,111.0,2069.0,36.0,4.8,8.4,0.1660727508330248
SHEL,2021,2021/22,25.0,2072.0,35.0,4.8,8.4,0.4970826171993912
SHEL,2022,2022/23,25.0,2072.0,35.0,4.8,8.4,0.4915947123287671
SHEL,2023,2023/24,25.0,2072.0,35.0,4.8,8.4,0.472058309741248
SHEL,2024,2024/25,25.0,2072.0,35.0,4.8,8.4,0.5229823302891933
DHPL,2017,2017/18,3.3,2069.0,35.0,4.8,8.4,0.2722372123057054
DHPL,2018,2018/19,3.3,2069.0,35.0,4.8,8.4,0.4982069553987362
DHPL,2019,2019/20,3.3,2069.0,35.0,4.8,8.4,0.4457647248743139
DHPL,2020,2020/21,3.3,2069.0,35.0,4.8,8.4,0.4042767861261012
DHPL,2021,2021/22,3.3,2069.0,35.0,4.8,8.4,0.5184032101840321
DHPL,2022,2022/23,3.3,2069.0,35.0,4.8,8.4,0.4959872699598727
DHPL,2023,2023/24,3.3,2069.0,35.0,4.8,8.4,0.4661570038282367
DHPL,2024,2024/25,3.3,2069.0,35.0,4.8,8.4,0.5184781606014482
HDHPC,2019,2019/20,4.5,2064.0,35.0,4.8,8.4,0.9340007699137494
HDHPC,2020,2020/21,4.5,2064.0,35.0,4.8,8.4,0.6262577925756807
HDHPC,2021,2021/22,4.5,2064.0,35.0,4.8,8.4,0.5561840051581262
HDHPC,2022,2022/23,4.5,2064.0,35.0,4.8,8.4,0.1608130695924234
HDHPC,2023,2023/24,4.5,2064.0,35.0,4.8,8.4,0.4720815943683409
HDHPC,2024,2024/25,4.5,2064.0,35.0,4.8,8.4,0.4976220319634703
MBJC,2019,2019/20,102.0,2070.0,36.0,4.8,8.4,0.0
MBJC,2020,2020/21,102.0,2070.0,36.0,4.8,8.4,0.0
MBJC,2021,2021/22,102.0,2070.0,36.0,4.8,8.4,0.0
MBJC,2022,2022/23,102.0,2070.0,36.0,4.8,8.4,0.0
MBJC,2023,2023/24,102.0,2070.0,36.0,4.8,8.4,0.0
MBJC,2024,2024/25,102.0,2070.0,36.0,4.8,8.4,0.0
PMHPL,2016,2016/17,,,,4.8,8.4,
PMHPL,2017,2017/18,,,,4.8,8.4,
PMHPL,2018,2018/19,,,,4.8,8.4,
PMHPL,2019,2019/20,,,,4.8,8.4,
PMHPL,2020,2020/21,,,,4.8,8.4,
PMHPL,2021,2021/22,,,,4.8,8.4,
PMHPL,2022,2022/23,,,,4.8,8.4,
PMHPL,2023,2023/24,,,,4.8,8.4,
PMHPL,2024,2024/25,,,,4.8,8.4,
KPCL,2017,2017/18,,,,4.8,8.4,
KPCL,2018,2018/19,,,,4.8,8.4,
KPCL,2019,2019/20,,,,4.8,8.4,
KPCL,2020,2020/21,,,,4.8,8.4,
KPCL,2021,2021/22,,,,4.8,8.4,
KPCL,2022,2022/23,,,,4.8,8.4,
KPCL,2023,2023/24,,,,4.8,8.4,
KPCL,2024,2024/25,,,,4.8,8.4,
NYADI,2020,2020/21,30.0,2069.0,36.0,4.8,8.4,0.0
NYADI,2021,2021/22,30.0,2069.0,36.0,4.8,8.4,0.0701910343734145
NYADI,2022,2022/23,30.0,2069.0,36.0,4.8,8.4,0.3752180923389142
NYADI,2023,2023/24,30.0,2069.0,36.0,4.8,8.4,0.3754731100963978
NYADI,2024,2024/25,30.0,2069.0,36.0,4.8,8.4,0.4101268391679351
MEL,2023,2023/24,20.0,2067.0,35.0,4.8,8.4,0.395812404870624
MEL,2024,2024/25,20.0,2067.0,35.0,4.8,8.4,0.4992151826484018
DOLTI,2023,2023/24,4.8,2074.0,35.0,4.8,8.4,0.317052697710553
DOLTI,2024,2024/25,4.8,2074.0,35.0,4.8,8.4,0.3373967132800609
MEN,2019,2019/20,42.0,2068.0,35.0,4.8,8.4,0.0652418619083858
MEN,2020,2020/21,42.0,2068.0,35.0,4.8,8.4,0.0762015057621222
MEN,2021,2021/22,42.0,2068.0,35.0,4.8,8.4,0.5591869391896789
MEN,2022,2022/23,42.0,2068.0,35.0,4.8,8.4,0.5356161072153367
MEN,2023,2023/24,42.0,2068.0,35.0,4.8,8.4,0.4422224718235848
MEN,2024,2024/25,42.0,2068.0,35.0,4.8,8.4,0.5921788296368776
AKPL,2015,2015/16,25.0,2070.0,35.0,4.8,8.4,0.0
AKPL,2016,2016/17,25.0,2070.0,35.0,4.8,8.4,0.0
AKPL,2017,2017/18,25.0,2070.0,35.0,4.8,8.4,0.0
AKPL,2018,2018/19,25.0,2070.0,35.0,4.8,8.4,0.0
AKPL,2019,2019/20,25.0,2070.0,35.0,4.8,8.4,0.309896000761035
AKPL,2020,2020/21,25.0,2070.0,35.0,4.8,8.4,0.5378286423135464
AKPL,2021,2021/22,25.0,2070.0,35.0,4.8,8.4,0.5716128630136986
AKPL,2022,2022/23,25.0,2070.0,35.0,4.8,8.4,0.4971797412480974
AKPL,2023,2023/24,25.0,2070.0,35.0,4.8,8.4,0.1806008622526636
AKPL,2024,2024/25,25.0,2070.0,35.0,4.8,8.4,0.4811958683409437
MEHL,2024,2024/25,5.0,2072.0,35.0,4.8,8.4,0.4580226369863013
UMHL,2016,2016/17,,,,4.8,8.4,
UMHL,2017,2017/18,,,,4.8,8.4,
UMHL,2018,2018/19,,,,4.8,8.4,
UMHL,2019,2019/20,,,,4.8,8.4,
UMHL,2020,2020/21,,,,4.8,8.4,
UMHL,2021,2021/22,,,,4.8,8.4,
UMHL,2022,2022/23,,,,4.8,8.4,
UMHL,2023,2023/24,,,,4.8,8.4,
UMHL,2024,2024/25,,,,4.8,8.4,
MHNL,2018,2018/19,42.0,2068.0,35.0,4.8,8.4,0.4829698666376748
MHNL,2019,2019/20,42.0,2068.0,35.0,4.8,8.4,0.2359555401536565
MHNL,2020,2020/21,42.0,2068.0,35.0,4.8,8.4,0.235253261578604
MHNL,2021,2021/22,42.0,2068.0,35.0,4.8,8.4,0.2755054690331231
MHNL,2022,2022/23,42.0,2068.0,35.0,4.8,8.4,0.2254735925382329
MHNL,2023,2023/24,42.0,2068.0,35.0,4.8,8.4,0.1977221452127274
MHNL,2024,2024/25,42.0,2068.0,35.0,4.8,8.4,0.198014147097195
HURJA,2019,2019/20,12.0,2069.0,36.0,4.8,8.4,0.0
HURJA,2020,2020/21,12.0,2069.0,36.0,4.8,8.4,0.0
HURJA,2021,2021/22,12.0,2069.0,36.0,4.8,8.4,0.0297616248097412
HURJA,2022,2022/23,12.0,2069.0,36.0,4.8,8.4,0.4247162466704718
HURJA,2023,2023/24,12.0,2069.0,36.0,4.8,8.4,0.4370574898528666
HURJA,2024,2024/25,12.0,2069.0,36.0,4.8,8.4,0.6599134164129883
BHL,2020,2020/21,36.0,2073.0,35.0,4.8,8.4,0.0
BHL,2023,2023/24,36.0,2073.0,35.0,4.8,8.4,0.4724207979240656
BHL,2024,2024/25,36.0,2073.0,35.0,4.8,8.4,0.4381586171359716
KBSH,2023,2023/24,,,,4.8,8.4,
KBSH,2024,2024/25,,,,4.8,8.4,
VLUCL,2024,2024/25,25.0,2077.0,35.0,4.8,8.4,0.2885668614916286
UNHPL,2018,2018/19,3.0,2069.0,35.0,4.8,8.4,0.4556226195459157
UNHPL,2019,2019/20,3.0,2069.0,35.0,4.8,8.4,0.4848155326610857
UNHPL,2020,2020/21,3.0,2069.0,35.0,4.8,8.4,0.4242571283612379
UNHPL,2021,2021/22,3.0,2069.0,35.0,4.8,8.4,0.5262995750887874
UNHPL,2022,2022/23,3.0,2069.0,35.0,4.8,8.4,0.4669394345509893
UNHPL,2023,2023/24,3.0,2069.0,35.0,4.8,8.4,0.429499873160832
UNHPL,2024,2024/25,3.0,2069.0,35.0,4.8,8.4,0.4762628424657534
RIDI,2012,2012/13,2.4,2064.0,35.0,4.8,8.4,0.5079408612379502
RIDI,2013,2013/14,2.4,2064.0,35.0,4.8,8.4,0.4165123271816336
RIDI,2014,2014/15,2.4,2064.0,35.0,4.8,8.4,0.4555971508751902
RIDI,2015,2015/16,2.4,2064.0,35.0,4.8,8.4,0.3386041991692034
RIDI,2016,2016/17,2.4,2064.0,35.0,4.8,8.4,0.3618406979325215
RIDI,2017,2017/18,2.4,2064.0,35.0,4.8,8.4,0.3647377045281583
RIDI,2018,2018/19,2.4,2064.0,35.0,4.8,8.4,0.3581478865423643
RIDI,2019,2019/20,2.4,2064.0,35.0,4.8,8.4,0.4076637731481481
RIDI,2020,2020/21,2.4,2064.0,35.0,4.8,8.4,0.9052338834982242
RIDI,2021,2021/22,2.4,2064.0,35.0,4.8,8.4,1.0
RIDI,2022,2022/23,2.4,2064.0,35.0,4.8,8.4,1.0
RIDI,2023,2023/24,2.4,2064.0,35.0,4.8,8.4,1.0
RIDI,2024,2024/25,2.4,2064.0,35.0,4.8,8.4,1.0
SAHAS,2022,2022/23,86.0,2071.0,36.0,4.8,8.4,0.1351102848129269
SAHAS,2023,2023/24,86.0,2071.0,36.0,4.8,8.4,0.541461115093271
SAHAS,2024,2024/25,86.0,2071.0,36.0,4.8,8.4,0.5858567289653464
BHPL,2023,2023/24,,,,4.8,8.4,
BHPL,2024,2024/25,,,,4.8,8.4,
TAMOR,2023,2023/24,73.0,2074.0,36.0,4.8,8.4,0.0923006591292925
TAMOR,2024,2024/25,73.0,2074.0,36.0,4.8,8.4,0.5142538760659703
RURU,2020,2020/21,5.0,2069.0,35.0,4.8,8.4,0.569354805936073
RURU,2021,2021/22,5.0,2069.0,35.0,4.8,8.4,0.615003200152207
RURU,2022,2022/23,5.0,2069.0,35.0,4.8,8.4,0.5136776902587519
RURU,2023,2023/24,5.0,2069.0,35.0,4.8,8.4,0.5184082610350076
RURU,2024,2024/25,5.0,2069.0,35.0,4.8,8.4,0.5376482191780821
TSHL,2023,2023/24,7.151,2074.0,35.0,4.8,8.4,0.3014948734698152
TSHL,2024,2024/25,7.151,2074.0,35.0,4.8,8.4,0.4007300072133901
NHDL,2016,2016/17,3.52,2067.0,35.0,4.8,8.4,0.5655585569954684
NHDL,2017,2017/18,3.52,2067.0,35.0,4.8,8.4,0.5797250555642037
NHDL,2018,2018/19,3.52,2067.0,35.0,4.8,8.4,0.5082834014373184
NHDL,2019,2019/20,3.52,2067.0,35.0,4.8,8.4,0.5634775240634081
NHDL,2020,2020/21,3.52,2067.0,35.0,4.8,8.4,0.3907677067658607
NHDL,2021,2021/22,3.52,2067.0,35.0,4.8,8.4,0.5091901679465892
NHDL,2022,2022/23,3.52,2067.0,35.0,4.8,8.4,0.5433473108655044
NHDL,2023,2023/24,3.52,2067.0,35.0,4.8,8.4,0.5139364535768646
NHDL,2024,2024/25,3.52,2067.0,35.0,4.8,8.4,0.5845754202988792
UMRH,2019,2019/20,7.0,2073.0,35.0,4.8,8.4,0.286681932757121
UMRH,2020,2020/21,7.0,2073.0,35.0,4.8,8.4,0.3655985847466841
UMRH,2021,2021/22,7.0,2073.0,35.0,4.8,8.4,0.5072839929876061
UMRH,2022,2022/23,7.0,2073.0,35.0,4.8,8.4,0.4604258061535116
UMRH,2023,2023/24,7.0,2073.0,35.0,4.8,8.4,0.4268646254620569
UMRH,2024,2024/25,7.0,2073.0,35.0,4.8,8.4,0.4344848363774733
LEC,2018,2018/19,25.0,2071.0,36.0,4.8,8.4,0.0
LEC,2019,2019/20,25.0,2071.0,36.0,4.8,8.4,0.0
LEC,2020,2020/21,25.0,2071.0,36.0,4.8,8.4,0.0
LEC,2021,2021/22,25.0,2071.0,36.0,4.8,8.4,0.0
LEC,2022,2022/23,25.0,2071.0,36.0,4.8,8.4,0.266391399847793
LEC,2023,2023/24,25.0,2071.0,36.0,4.8,8.4,0.4167530608828006
LEC,2024,2024/25,25.0,2071.0,36.0,4.8,8.4,0.4542700350076104
SIKLES,2023,2023/24,13.0,2070.0,35.0,4.8,8.4,0.4299485159817351
SIKLES,2024,2024/25,13.0,2070.0,35.0,4.8,8.4,0.4426132215197284
MAKAR,2023,2023/24,7.0,2076.0,35.0,4.8,8.4,1.0
MAKAR,2024,2024/25,7.0,2076.0,35.0,4.8,8.4,1.0
SMHL,2023,2023/24,7.8,2073.0,35.0,4.8,8.4,1.0
SMHL,2024,2024/25,7.8,2073.0,35.0,4.8,8.4,1.0
API,2012,2012/13,8.5,2069.0,35.0,4.8,8.4,0.0
API,2013,2013/14,8.5,2069.0,35.0,4.8,8.4,0.0
API,2014,2014/15,8.5,2069.0,35.0,4.8,8.4,0.0
API,2015,2015/16,8.5,2069.0,35.0,4.8,8.4,0.2370266384636046
API,2016,2016/17,8.5,2069.0,35.0,4.8,8.4,0.3092085705971886
API,2017,2017/18,8.5,2069.0,35.0,4.8,8.4,0.2861246105291432
API,2018,2018/19,8.5,2069.0,35.0,4.8,8.4,0.4000807122392336
API,2019,2019/20,8.5,2069.0,35.0,4.8,8.4,0.7262003290357238
API,2020,2020/21,8.5,2069.0,35.0,4.8,8.4,0.8221157847613931
API,2021,2021/22,8.5,2069.0,35.0,4.8,8.4,1.0
API,2022,2022/23,8.5,2069.0,35.0,4.8,8.4,0.9996777307726744
API,2023,2023/24,8.5,2069.0,35.0,4.8,8.4,1.0
API,2024,2024/25,8.5,2069.0,35.0,4.8,8.4,1.0
BGWT,2023,2023/24,4.5,2066.0,35.0,4.8,8.4,0.6051746829020802
BGWT,2024,2024/25,4.5,2066.0,35.0,4.8,8.4,0.6623030230001691
EHPL,2023,2023/24,5.0,2067.0,35.0,4.8,8.4,0.4263747907153729
EHPL,2024,2024/25,5.0,2067.0,35.0,4.8,8.4,0.4923616780821918
